location_id,location_name,original_concept,feature_type,latitude,longitude,validation_status,confidence,field_verified,evidence,uncertainty,source_type,source_reference,coordinate_basis
JB-PROP-001,North shoreline shallow-flat edge,North grass-flat edge,shallow_flat_edge,30.428283,-86.128438,visually_reviewed,46,False,Aerial tonal transition beside the north shoreline; submerged grass is not resolved.,"Flat edge is visible, but vegetation and depth are unverified.",aerial_image_review,"Esri World Imagery export, reviewed 2026-07-24; bbox WGS84 [-86.155,30.405,-86.105,30.449], 1600x1200",pixel-to-WGS84 from georeferenced ArcGIS export
JB-PROP-002,Oyster / hard-bottom edge review target,Oyster or hard-bottom edge,hard_bottom_candidate,,,proposed,15,False,No defensible oyster or hard-bottom signature in the reviewed aerial.,"Requires clearer imagery, side-scan/sonar, or on-water review before placement.",aerial_image_review,"Esri World Imagery export, reviewed 2026-07-24; bbox WGS84 [-86.155,30.405,-86.105,30.449], 1600x1200",
JB-PROP-003,Interior grass / sand-pocket review target,Interior grass and sand-pocket zone,grass_sand_candidate,,,proposed,15,False,Water clarity and image appearance do not resolve submerged grass or sand pockets.,Keep unlocated until vegetation is visible in another image date or field evidence exists.,aerial_image_review,"Esri World Imagery export, reviewed 2026-07-24; bbox WGS84 [-86.155,30.405,-86.105,30.449], 1600x1200",
JB-PROP-004,Main marsh-channel edge,Main channel drop-off,channel_edge,30.424067,-86.12125,visually_reviewed,58,False,Distinct dark channel boundary against the adjacent marsh shallows.,Channel edge is visible; an actual drop-off and depth require chart/sonar confirmation.,aerial_image_review,"Esri World Imagery export, reviewed 2026-07-24; bbox WGS84 [-86.155,30.405,-86.105,30.449], 1600x1200",pixel-to-WGS84 from georeferenced ArcGIS export
JB-PROP-005,North marsh tidal drain,Tidal drain or creek mouth,tidal_drain,30.428283,-86.118906,visually_reviewed,70,False,Clearly visible narrow marsh drain entering the bay/channel system.,"Flow timing, depth, and navigability remain unverified.",aerial_image_review,"Esri World Imagery export, reviewed 2026-07-24; bbox WGS84 [-86.155,30.405,-86.105,30.449], 1600x1200",pixel-to-WGS84 from georeferenced ArcGIS export
JB-PROP-006,Southern marsh-island point,Southern shoreline point,shoreline_point,30.422307,-86.130531,visually_reviewed,66,False,Clearly visible point at the west end of a marsh island with adjacent color transition.,Bottom type and water depth are unverified.,aerial_image_review,"Esri World Imagery export, reviewed 2026-07-24; bbox WGS84 [-86.155,30.405,-86.105,30.449], 1600x1200",pixel-to-WGS84 from georeferenced ArcGIS export
JB-PROP-007,Jolly Bay marsh-channel mouth transition,Bayou-mouth transition,bay_channel_transition,30.421683,-86.123281,visually_reviewed,63,False,Visible transition where the confined marsh channel opens toward broader bay water.,Hydrodynamics and usable depth require tide/field review.,aerial_image_review,"Esri World Imagery export, reviewed 2026-07-24; bbox WGS84 [-86.155,30.405,-86.105,30.449], 1600x1200",pixel-to-WGS84 from georeferenced ArcGIS export
JB-PROP-008,Oyster / hard-bottom point review target,Oyster point or hard-bottom point,hard_bottom_point_candidate,,,proposed,15,False,No point can be classified as oyster or hard bottom from this image alone.,"Requires clearer low-water imagery, sonar, or field inspection before placement.",aerial_image_review,"Esri World Imagery export, reviewed 2026-07-24; bbox WGS84 [-86.155,30.405,-86.105,30.449], 1600x1200",
JB-PROP-009,Eastern channel outside bend,Deep outside bend,outside_bend,30.424067,-86.1125,visually_reviewed,55,False,Pronounced outside bend is visible in the eastern marsh channel.,The bend is mapped; greater depth is only a hypothesis until measured.,aerial_image_review,"Esri World Imagery export, reviewed 2026-07-24; bbox WGS84 [-86.155,30.405,-86.105,30.449], 1600x1200",pixel-to-WGS84 from georeferenced ArcGIS export
